,image_id,class
0,test_1000a,chips
1,test_1000b,chocolate
2,test_1000c,chips
3,test_1000d,sugar
4,test_1001a,chips
5,test_1001b,jam
6,test_1001c,jam
7,test_1001d,sugar
8,test_1002a,jam
9,test_1002b,jam
10,test_1002c,nuts
11,test_1002d,chips
12,test_1003a,fish
13,test_1003b,tea
14,test_1003c,chips
15,test_1003d,chips
16,test_1004a,chocolate
17,test_1004b,tea
18,test_1004c,jam
19,test_1004d,vinegar
20,test_1005a,chips
21,test_1005b,jam
22,test_1005c,jam
23,test_1005d,tea
24,test_1006a,chips
25,test_1006b,tea
26,test_1006c,coffee
27,test_1006d,tea
28,test_1007a,vinegar
29,test_1007b,jam
30,test_1007c,sugar
31,test_1007d,chips
32,test_1008a,jam
33,test_1008b,chips
34,test_1008c,jam
35,test_1008d,jam
36,test_1009a,tea
37,test_1009b,chocolate
38,test_1009c,chips
39,test_1009d,tea
40,test_1010a,chips
41,test_1010b,jam
42,test_1010c,chips
43,test_1010d,tea
44,test_1011a,jam
45,test_1011b,chips
46,test_1011c,sugar
47,test_1011d,sugar
48,test_1012a,chips
49,test_1012b,tea
50,test_1012c,sugar
51,test_1012d,chips
52,test_1013a,coffee
53,test_1013b,chips
54,test_1013c,chocolate
55,test_1013d,chips
56,test_1014a,coffee
57,test_1014b,chips
58,test_1014c,chips
59,test_1014d,jam
60,test_1015a,tea
61,test_1015b,fish
62,test_1015c,tea
63,test_1015d,jam
64,test_1016a,chips
65,test_1016b,chips
66,test_1016c,jam
67,test_1016d,nuts
68,test_1017a,jam
69,test_1017b,jam
70,test_1017c,jam
71,test_1017d,soda
72,test_1018a,tea
73,test_1018b,chips
74,test_1018c,chips
75,test_1018d,coffee
76,test_1019a,jam
77,test_1019b,sugar
78,test_1019c,chips
79,test_1019d,tea
80,test_1020a,tea
81,test_1020b,chips
82,test_1020c,fish
83,test_1020d,sugar
84,test_1021a,chips
85,test_1021b,chips
86,test_1021c,fish
87,test_1021d,chips
88,test_1022a,tea
89,test_1022b,coffee
90,test_1022c,chips
91,test_1022d,chips
92,test_1023a,chips
93,test_1023b,chips
94,test_1023c,jam
95,test_1023d,chips
96,test_1024a,sugar
97,test_1024b,tea
98,test_1024c,coffee
99,test_1024d,chips
100,test_1025a,jam
101,test_1025b,chips
102,test_1025c,tea
103,test_1025d,jam
104,test_1026a,jam
105,test_1026b,coffee
106,test_1026c,chips
107,test_1026d,tea
108,test_1027a,chips
109,test_1027b,tea
110,test_1027c,chocolate
111,test_1027d,chips
112,test_1028a,jam
113,test_1028b,chips
114,test_1028c,tea
115,test_1028d,chips
116,test_1029a,jam
117,test_1029b,jam
118,test_1029c,tea
119,test_1029d,chips
120,test_1030a,chips
121,test_1030b,jam
122,test_1030c,chips
123,test_1030d,coffee
124,test_1031a,sugar
125,test_1031b,chips
126,test_1031c,tea
127,test_1031d,coffee
128,test_1032a,chips
129,test_1032b,chips
130,test_1032c,fish
131,test_1032d,chips
132,test_1033a,tea
133,test_1033b,jam
134,test_1033c,chips
135,test_1033d,chips
136,test_1034a,jam
137,test_1034b,sugar
138,test_1034c,chips
139,test_1034d,vinegar
140,test_1035a,chips
141,test_1035b,nuts
142,test_1035c,chips
143,test_1035d,chips
144,test_1036a,chips
145,test_1036b,chips
146,test_1036c,chips
147,test_1036d,jam
148,test_1037a,jam
149,test_1037b,chips
150,test_1037c,jam
151,test_1037d,chips
152,test_1038a,chips
153,test_1038b,jam
154,test_1038c,chips
155,test_1038d,vinegar
156,test_1039a,chips
157,test_1039b,sugar
158,test_1039c,sugar
159,test_1039d,chocolate
160,test_1040a,chips
161,test_1040b,nuts
162,test_1040c,jam
163,test_1040d,chocolate
164,test_1041a,chips
165,test_1041b,nuts
166,test_1041c,chips
167,test_1041d,chocolate
168,test_1042a,tea
169,test_1042b,jam
170,test_1042c,sugar
171,test_1042d,chips
172,test_1043a,jam
173,test_1043b,jam
174,test_1043c,chips
175,test_1043d,jam
176,test_1044a,chips
177,test_1044b,chips
178,test_1044c,chips
179,test_1044d,chips
180,test_1045a,chips
181,test_1045b,chips
182,test_1045c,jam
183,test_1045d,soda
184,test_1046a,chips
185,test_1046b,chips
186,test_1046c,chips
187,test_1046d,chips
188,test_1047a,nuts
189,test_1047b,vinegar
190,test_1047c,jam
191,test_1047d,jam
192,test_1048a,sugar
193,test_1048b,chips
194,test_1048c,chips
195,test_1048d,tea
196,test_1049a,tea
197,test_1049b,tea
198,test_1049c,jam
199,test_1049d,pasta
200,test_1050a,chips
201,test_1050b,sugar
202,test_1050c,soda
203,test_1050d,fish
204,test_1051a,jam
205,test_1051b,tea
206,test_1051c,tea
207,test_1051d,jam
208,test_1052a,jam
209,test_1052b,chips
210,test_1052c,chips
211,test_1052d,jam
212,test_1053a,chips
213,test_1053b,sugar
214,test_1053c,jam
215,test_1053d,jam
216,test_1054a,chips
217,test_1054b,chocolate
218,test_1054c,chocolate
219,test_1054d,nuts
220,test_1055a,chips
221,test_1055b,tea
222,test_1055c,coffee
223,test_1055d,tea
224,test_1056a,chips
225,test_1056b,jam
226,test_1056c,chips
227,test_1056d,tea
228,test_1057a,chips
229,test_1057b,coffee
230,test_1057c,jam
231,test_1057d,fish
232,test_1058a,chips
233,test_1058b,chips
234,test_1058c,tea
235,test_1058d,jam
236,test_1059a,fish
237,test_1059b,coffee
238,test_1059c,soda
239,test_1059d,soda
240,test_1060a,chips
241,test_1060b,jam
242,test_1060c,vinegar
243,test_1060d,jam
244,test_1061a,jam
245,test_1061b,chips
246,test_1061c,chips
247,test_1061d,chips
248,test_1062a,sugar
249,test_1062b,tea
250,test_1062c,jam
251,test_1062d,chocolate
252,test_1063a,fish
253,test_1063b,jam
254,test_1063c,sugar
255,test_1063d,chips
256,test_1064a,chips
257,test_1064b,tea
258,test_1064c,jam
259,test_1064d,jam
260,test_1065a,jam
261,test_1065b,tea
262,test_1065c,jam
263,test_1065d,chips
264,test_1066a,pasta
265,test_1066b,chips
266,test_1066c,fish
267,test_1066d,tea
268,test_1067a,chocolate
269,test_1067b,fish
270,test_1067c,tea
271,test_1067d,chips
272,test_1068a,tea
273,test_1068b,tea
274,test_1068c,soda
275,test_1068d,chips
276,test_1069a,chips
277,test_1069b,chips
278,test_1069c,vinegar
279,test_1069d,chips
280,test_1070a,coffee
281,test_1070b,chips
282,test_1070c,tea
283,test_1070d,jam
284,test_1071a,chips
285,test_1071b,chips
286,test_1071c,tea
287,test_1071d,chips
288,test_1072a,chips
289,test_1072b,jam
290,test_1072c,sugar
291,test_1072d,sugar
292,test_1073a,chips
293,test_1073b,chips
294,test_1073c,chips
295,test_1073d,jam
296,test_1074a,jam
297,test_1074b,tea
298,test_1074c,chips
299,test_1074d,jam
300,test_1075a,jam
301,test_1075b,jam
302,test_1075c,chips
303,test_1075d,tea
304,test_1076a,tea
305,test_1076b,jam
306,test_1076c,chips
307,test_1076d,chips
308,test_1077a,chips
309,test_1077b,tea
310,test_1077c,chips
311,test_1077d,fish
312,test_1078a,tea
313,test_1078b,jam
314,test_1078c,tea
315,test_1078d,chips
316,test_1079a,chips
317,test_1079b,nuts
318,test_1079c,tea
319,test_1079d,chips
320,test_1080a,tea
321,test_1080b,chips
322,test_1080c,jam
323,test_1080d,chips
324,test_1081a,coffee
325,test_1081b,chips
326,test_1081c,jam
327,test_1081d,chips
328,test_1082a,coffee
329,test_1082b,jam
330,test_1082c,chips
331,test_1082d,tea
332,test_1083a,jam
333,test_1083b,chips
334,test_1083c,chips
335,test_1083d,chips
336,test_1084a,chips
337,test_1084b,chocolate
338,test_1084c,chips
339,test_1084d,tea
340,test_1085a,chips
341,test_1085b,coffee
342,test_1085c,fish
343,test_1085d,fish
344,test_1086a,chips
345,test_1086b,chips
346,test_1086c,tea
347,test_1086d,jam
348,test_1087a,vinegar
349,test_1087b,jam
350,test_1087c,jam
351,test_1087d,jam
352,test_1088a,chips
353,test_1088b,jam
354,test_1088c,chips
355,test_1088d,coffee
356,test_1089a,chocolate
357,test_1089b,chips
358,test_1089c,coffee
359,test_1089d,pasta
360,test_1090a,sugar
361,test_1090b,tea
362,test_1090c,chips
363,test_1090d,jam
364,test_1091a,tea
365,test_1091b,chips
366,test_1091c,tea
367,test_1091d,vinegar
368,test_1092a,jam
369,test_1092b,chips
370,test_1092c,chips
371,test_1092d,jam
372,test_1093a,jam
373,test_1093b,jam
374,test_1093c,chips
375,test_1093d,chips
376,test_1094a,chocolate
377,test_1094b,jam
378,test_1094c,tea
379,test_1094d,tea
380,test_1095a,chips
381,test_1095b,sugar
382,test_1095c,sugar
383,test_1095d,jam
384,test_1096a,jam
385,test_1096b,jam
386,test_1096c,jam
387,test_1096d,jam
388,test_1097a,chips
389,test_1097b,fish
390,test_1097c,jam
391,test_1097d,chips
392,test_1098a,jam
393,test_1098b,chips
394,test_1098c,chocolate
395,test_1098d,chips
396,test_1099a,chips
397,test_1099b,chips
398,test_1099c,jam
399,test_1099d,chips
400,test_1100a,jam
401,test_1100b,tea
402,test_1100c,chips
403,test_1100d,jam
404,test_1101a,tea
405,test_1101b,chips
406,test_1101c,jam
407,test_1101d,jam
408,test_1102a,nuts
409,test_1102b,tea
410,test_1102c,jam
411,test_1102d,chips
412,test_1103a,pasta
413,test_1103b,jam
414,test_1103c,nuts
415,test_1103d,sugar
416,test_1104a,sugar
417,test_1104b,chips
418,test_1104c,jam
419,test_1104d,tea
420,test_1105a,tea
421,test_1105b,chips
422,test_1105c,nuts
423,test_1105d,chips
424,test_1106a,chips
425,test_1106b,tea
426,test_1106c,sugar
427,test_1106d,jam
428,test_1107a,chips
429,test_1107b,chips
430,test_1107c,chips
431,test_1107d,coffee
432,test_1108a,jam
433,test_1108b,fish
434,test_1108c,chips
435,test_1108d,chips
436,test_1109a,chips
437,test_1109b,chips
438,test_1109c,cereal
439,test_1109d,jam
440,test_1110a,chips
441,test_1110b,chips
442,test_1110c,chips
443,test_1110d,chips
444,test_1111a,chips
445,test_1111b,chocolate
446,test_1111c,coffee
447,test_1111d,jam
448,test_1112a,jam
449,test_1112b,tea
450,test_1112c,chips
451,test_1112d,chips
452,test_1113a,chips
453,test_1113b,tea
454,test_1113c,jam
455,test_1113d,jam
456,test_1114a,tea
457,test_1114b,chips
458,test_1114c,jam
459,test_1114d,chips
460,test_1115a,chocolate
461,test_1115b,chips
462,test_1115c,jam
463,test_1115d,tea
464,test_1116a,jam
465,test_1116b,chips
466,test_1116c,chips
467,test_1116d,chips
468,test_1117a,chips
469,test_1117b,chips
470,test_1117c,vinegar
471,test_1117d,jam
472,test_1118a,tea
473,test_1118b,fish
474,test_1118c,jam
475,test_1118d,chips
476,test_1119a,tea
477,test_1119b,jam
478,test_1119c,chips
479,test_1119d,sugar
480,test_1120a,tea
481,test_1120b,tea
482,test_1120c,jam
483,test_1120d,tea
484,test_1121a,jam
485,test_1121b,tea
486,test_1121c,coffee
487,test_1121d,nuts
488,test_1122a,chips
489,test_1122b,fish
490,test_1122c,jam
491,test_1122d,chips
492,test_1123a,chips
493,test_1123b,jam
494,test_1123c,jam
495,test_1123d,coffee
496,test_1124a,jam
497,test_1124b,fish
498,test_1124c,tea
499,test_1124d,jam
500,test_1125a,jam
501,test_1125b,jam
502,test_1125c,chips
503,test_1125d,coffee
504,test_1126a,jam
505,test_1126b,chips
506,test_1126c,chips
507,test_1126d,soda
508,test_1127a,tea
509,test_1127b,chips
510,test_1127c,chips
511,test_1127d,tea
512,test_1128a,chips
513,test_1128b,chips
514,test_1128c,chips
515,test_1128d,chips
516,test_1129a,chips
517,test_1129b,chips
518,test_1129c,chips
519,test_1129d,tea
520,test_1130a,jam
521,test_1130b,nuts
522,test_1130c,jam
523,test_1130d,chips
524,test_1131a,tea
525,test_1131b,jam
526,test_1131c,chips
527,test_1131d,jam
528,test_1132a,chips
529,test_1132b,chips
530,test_1132c,chips
531,test_1132d,chips
532,test_1133a,chocolate
533,test_1133b,tea
534,test_1133c,nuts
535,test_1133d,tea
536,test_1134a,chips
537,test_1134b,jam
538,test_1134c,tea
539,test_1134d,jam
540,test_1135a,chips
541,test_1135b,chips
542,test_1135c,jam
543,test_1135d,chips
544,test_1136a,chips
545,test_1136b,soda
546,test_1136c,tea
547,test_1136d,chips
548,test_1137a,jam
549,test_1137b,tea
550,test_1137c,chips
551,test_1137d,chips
552,test_1138a,chips
553,test_1138b,coffee
554,test_1138c,tea
555,test_1138d,chips
556,test_1139a,jam
557,test_1139b,chips
558,test_1139c,jam
559,test_1139d,sugar
560,test_1140a,jam
561,test_1140b,jam
562,test_1140c,jam
563,test_1140d,jam
564,test_1141a,jam
565,test_1141b,chips
566,test_1141c,jam
567,test_1141d,jam
568,test_1142a,chips
569,test_1142b,chips
570,test_1142c,jam
571,test_1142d,chips
572,test_1143a,tea
573,test_1143b,jam
574,test_1143c,chips
575,test_1143d,chips
576,test_1144a,chips
577,test_1144b,chips
578,test_1144c,chips
579,test_1144d,chips
580,test_1145a,jam
581,test_1145b,jam
582,test_1145c,jam
583,test_1145d,tea
584,test_1146a,chips
585,test_1146b,chips
586,test_1146c,fish
587,test_1146d,jam
588,test_1147a,chips
589,test_1147b,chocolate
590,test_1147c,sugar
591,test_1147d,jam
592,test_1148a,jam
593,test_1148b,fish
594,test_1148c,tea
595,test_1148d,chips
596,test_1149a,jam
597,test_1149b,tea
598,test_1149c,chips
599,test_1149d,chips
600,test_1150a,jam
601,test_1150b,chips
602,test_1150c,jam
603,test_1150d,jam
604,test_1151a,chips
605,test_1151b,chips
606,test_1151c,chips
607,test_1151d,chips
608,test_1152a,chips
609,test_1152b,tea
610,test_1152c,coffee
611,test_1152d,nuts
612,test_1153a,chips
613,test_1153b,jam
614,test_1153c,chips
615,test_1153d,jam
616,test_1154a,chips
617,test_1154b,jam
618,test_1154c,chips
619,test_1154d,jam
620,test_1155a,tea
621,test_1155b,chips
622,test_1155c,jam
623,test_1155d,chips
624,test_1156a,jam
625,test_1156b,chips
626,test_1156c,chips
627,test_1156d,chips
628,test_1157a,chips
629,test_1157b,tea
630,test_1157c,chips
631,test_1157d,chips
632,test_1158a,sugar
633,test_1158b,chips
634,test_1158c,chips
635,test_1158d,chips
636,test_1159a,coffee
637,test_1159b,jam
638,test_1159c,chips
639,test_1159d,fish
640,test_1160a,chips
641,test_1160b,chips
642,test_1160c,sugar
643,test_1160d,chips
644,test_1161a,chips
645,test_1161b,sugar
646,test_1161c,nuts
647,test_1161d,jam
648,test_1162a,chips
649,test_1162b,jam
650,test_1162c,chips
651,test_1162d,tea
652,test_1163a,jam
653,test_1163b,tea
654,test_1163c,sugar
655,test_1163d,jam
656,test_1164a,vinegar
657,test_1164b,chips
658,test_1164c,chips
659,test_1164d,chips
660,test_1165a,chips
661,test_1165b,tea
662,test_1165c,chips
663,test_1165d,jam
664,test_1166a,chips
665,test_1166b,chips
666,test_1166c,jam
667,test_1166d,chips
668,test_1167a,jam
669,test_1167b,chips
670,test_1167c,chips
671,test_1167d,jam
672,test_1168a,chocolate
673,test_1168b,chips
674,test_1168c,tea
675,test_1168d,jam
676,test_1169a,jam
677,test_1169b,jam
678,test_1169c,chips
679,test_1169d,jam
680,test_1170a,jam
681,test_1170b,jam
682,test_1170c,coffee
683,test_1170d,sugar
684,test_1171a,chips
685,test_1171b,jam
686,test_1171c,chips
687,test_1171d,chips
688,test_1172a,chips
689,test_1172b,jam
690,test_1172c,chips
691,test_1172d,chips
692,test_1173a,chips
693,test_1173b,chips
694,test_1173c,chips
695,test_1173d,tea
696,test_1174a,chips
697,test_1174b,sugar
698,test_1174c,soda
699,test_1174d,chips
700,test_1175a,sugar
701,test_1175b,chips
702,test_1175c,jam
703,test_1175d,chips
704,test_1176a,tea
705,test_1176b,nuts
706,test_1176c,tea
707,test_1176d,chips
708,test_1177a,chips
709,test_1177b,jam
710,test_1177c,tea
711,test_1177d,vinegar
712,test_1178a,sugar
713,test_1178b,jam
714,test_1178c,coffee
715,test_1178d,tea
716,test_1179a,coffee
717,test_1179b,chips
718,test_1179c,jam
719,test_1179d,vinegar
720,test_1180a,jam
721,test_1180b,soda
722,test_1180c,chips
723,test_1180d,tea
724,test_1181a,chips
725,test_1181b,soda
726,test_1181c,tea
727,test_1181d,chips
728,test_1182a,sugar
729,test_1182b,fish
730,test_1182c,chips
731,test_1182d,sugar
732,test_1183a,jam
733,test_1183b,jam
734,test_1183c,jam
735,test_1183d,chips
736,test_1184a,chips
737,test_1184b,chips
738,test_1184c,coffee
739,test_1184d,chips
740,test_1185a,chips
741,test_1185b,chips
742,test_1185c,chips
743,test_1185d,jam
744,test_1186a,sugar
745,test_1186b,chips
746,test_1186c,chips
747,test_1186d,nuts
748,test_1187a,soda
749,test_1187b,chips
750,test_1187c,chips
751,test_1187d,chips
752,test_1188a,jam
753,test_1188b,jam
754,test_1188c,chips
755,test_1188d,chips
756,test_1189a,tea
757,test_1189b,tea
758,test_1189c,chips
759,test_1189d,soda
760,test_1190a,tea
761,test_1190b,sugar
762,test_1190c,jam
763,test_1190d,chips
764,test_1191a,chips
765,test_1191b,tea
766,test_1191c,chips
767,test_1191d,jam
768,test_1192a,chips
769,test_1192b,fish
770,test_1192c,fish
771,test_1192d,sugar
772,test_1193a,tea
773,test_1193b,chocolate
774,test_1193c,sugar
775,test_1193d,chips
776,test_1194a,jam
777,test_1194b,chips
778,test_1194c,jam
779,test_1194d,chips
780,test_1195a,fish
781,test_1195b,chips
782,test_1195c,jam
783,test_1195d,chips
784,test_1196a,chips
785,test_1196b,jam
786,test_1196c,chips
787,test_1196d,jam
788,test_1197a,chips
789,test_1197b,jam
790,test_1197c,chips
791,test_1197d,chips
792,test_1198a,chips
793,test_1198b,coffee
794,test_1198c,chips
795,test_1198d,jam
796,test_1199a,chips
797,test_1199b,jam
798,test_1199c,chips
799,test_1199d,jam
800,test_1200a,chips
801,test_1200b,fish
802,test_1200c,chips
803,test_1200d,jam
804,test_1201a,fish
805,test_1201b,chocolate
806,test_1201c,jam
807,test_1201d,chips
808,test_1202a,jam
809,test_1202b,chips
810,test_1202c,coffee
811,test_1202d,chips
812,test_1203a,chips
813,test_1203b,jam
814,test_1203c,coffee
815,test_1203d,jam
816,test_1204a,chips
817,test_1204b,chips
818,test_1204c,chips
819,test_1204d,chips
820,test_1205a,jam
821,test_1205b,chips
822,test_1205c,chocolate
823,test_1205d,tea
824,test_1206a,chips
825,test_1206b,chips
826,test_1206c,fish
827,test_1206d,jam
828,test_1207a,chips
829,test_1207b,chips
830,test_1207c,jam
831,test_1207d,jam
832,test_1208a,chips
833,test_1208b,chips
834,test_1208c,jam
835,test_1208d,coffee
836,test_1209a,tea
837,test_1209b,chips
838,test_1209c,coffee
839,test_1209d,chips
840,test_1210a,chips
841,test_1210b,chips
842,test_1210c,nuts
843,test_1210d,chips
844,test_1211a,chips
845,test_1211b,jam
846,test_1211c,jam
847,test_1211d,chips
848,test_1212a,jam
849,test_1212b,jam
850,test_1212c,chips
851,test_1212d,chips
852,test_1213a,chips
853,test_1213b,chips
854,test_1213c,chips
855,test_1213d,chips
856,test_1214a,chips
857,test_1214b,jam
858,test_1214c,chips
859,test_1214d,cake
860,test_1215a,chips
861,test_1215b,sugar
862,test_1215c,chips
863,test_1215d,jam
864,test_1216a,chips
865,test_1216b,tea
866,test_1216c,tea
867,test_1216d,jam
868,test_1217a,chips
869,test_1217b,tea
870,test_1217c,chips
871,test_1217d,jam
872,test_1218a,jam
873,test_1218b,chips
874,test_1218c,fish
875,test_1218d,chips
876,test_1219a,chips
877,test_1219b,tea
878,test_1219c,chips
879,test_1219d,coffee
880,test_1220a,chips
881,test_1220b,jam
882,test_1220c,sugar
883,test_1220d,jam
884,test_1221a,jam
885,test_1221b,chips
886,test_1221c,chips
887,test_1221d,sugar
888,test_1222a,jam
889,test_1222b,tea
890,test_1222c,jam
891,test_1222d,coffee
892,test_1223a,tea
893,test_1223b,chips
894,test_1223c,tea
895,test_1223d,chips
896,test_1224a,chips
897,test_1224b,jam
898,test_1224c,tea
899,test_1224d,jam
900,test_1225a,chips
901,test_1225b,tea
902,test_1225c,fish
903,test_1225d,chips
904,test_1226a,chips
905,test_1226b,coffee
906,test_1226c,chips
907,test_1226d,jam
908,test_1227a,chips
909,test_1227b,chips
910,test_1227c,chips
911,test_1227d,chips
912,test_1228a,chips
913,test_1228b,jam
914,test_1228c,jam
915,test_1228d,jam
916,test_1229a,jam
917,test_1229b,chips
918,test_1229c,tea
919,test_1229d,chips
920,test_1230a,tea
921,test_1230b,tea
922,test_1230c,chocolate
923,test_1230d,sugar
924,test_1231a,tea
925,test_1231b,tea
926,test_1231c,chips
927,test_1231d,chips
928,test_1232a,sugar
929,test_1232b,chips
930,test_1232c,tea
931,test_1232d,chips
932,test_1233a,fish
933,test_1233b,jam
934,test_1233c,chips
935,test_1233d,chips
936,test_1234a,jam
937,test_1234b,chips
938,test_1234c,coffee
939,test_1234d,chips
940,test_1235a,tea
941,test_1235b,chocolate
942,test_1235c,jam
943,test_1235d,jam
944,test_1236a,coffee
945,test_1236b,chips
946,test_1236c,fish
947,test_1236d,chips
948,test_1237a,jam
949,test_1237b,chips
950,test_1237c,chips
951,test_1237d,jam
952,test_1238a,jam
953,test_1238b,jam
954,test_1238c,chips
955,test_1238d,tea
956,test_1239a,sugar
957,test_1239b,tea
958,test_1239c,chips
959,test_1239d,chips
960,test_1240a,chips
961,test_1240b,chips
962,test_1240c,chips
963,test_1240d,tea
964,test_1241a,chips
965,test_1241b,jam
966,test_1241c,chips
967,test_1241d,tea
968,test_1242a,coffee
969,test_1242b,sugar
970,test_1242c,jam
971,test_1242d,fish
972,test_1243a,jam
973,test_1243b,jam
974,test_1243c,tea
975,test_1243d,chips
976,test_1244a,tea
977,test_1244b,chips
978,test_1244c,jam
979,test_1244d,sugar
980,test_1245a,chips
981,test_1245b,jam
982,test_1245c,chips
983,test_1245d,sugar
984,test_1246a,tea
985,test_1246b,jam
986,test_1246c,chips
987,test_1246d,chips
988,test_1247a,chips
989,test_1247b,chips
990,test_1247c,jam
991,test_1247d,nuts
992,test_1248a,chips
993,test_1248b,coffee
994,test_1248c,jam
995,test_1248d,chips
996,test_1249a,chips
997,test_1249b,chips
998,test_1249c,jam
999,test_1249d,chips
1000,test_1250a,chips
1001,test_1250b,jam
1002,test_1250c,tea
1003,test_1250d,chips
1004,test_1251a,jam
1005,test_1251b,chips
1006,test_1251c,jam
1007,test_1251d,jam
1008,test_1252a,jam
1009,test_1252b,jam
1010,test_1252c,chips
1011,test_1252d,chips
1012,test_1253a,chips
1013,test_1253b,tea
1014,test_1253c,chips
1015,test_1253d,jam
1016,test_1254a,chips
1017,test_1254b,jam
1018,test_1254c,chips
1019,test_1254d,jam
1020,test_1255a,jam
1021,test_1255b,cereal
1022,test_1255c,chips
1023,test_1255d,chips
1024,test_1256a,tea
1025,test_1256b,jam
1026,test_1256c,jam
1027,test_1256d,jam
1028,test_1257a,jam
1029,test_1257b,coffee
1030,test_1257c,chips
1031,test_1257d,nuts
1032,test_1258a,vinegar
1033,test_1258b,chips
1034,test_1258c,chips
1035,test_1258d,jam
1036,test_1259a,tea
1037,test_1259b,nuts
1038,test_1259c,chips
1039,test_1259d,tea
1040,test_1260a,chips
1041,test_1260b,chips
1042,test_1260c,jam
1043,test_1260d,soda
1044,test_1261a,chips
1045,test_1261b,tea
1046,test_1261c,nuts
1047,test_1261d,jam
1048,test_1262a,chips
1049,test_1262b,chips
1050,test_1262c,chips
1051,test_1262d,jam
1052,test_1263a,tea
1053,test_1263b,chips
1054,test_1263c,chips
1055,test_1263d,chips
1056,test_1264a,cake
1057,test_1264b,jam
1058,test_1264c,tea
1059,test_1264d,chips
1060,test_1265a,nuts
1061,test_1265b,jam
1062,test_1265c,jam
1063,test_1265d,jam
1064,test_1266a,tea
1065,test_1266b,coffee
1066,test_1266c,tea
1067,test_1266d,jam
1068,test_1267a,chocolate
1069,test_1267b,chips
1070,test_1267c,jam
1071,test_1267d,chips
1072,test_1268a,chips
1073,test_1268b,chips
1074,test_1268c,chips
1075,test_1268d,jam
1076,test_1269a,nuts
1077,test_1269b,chocolate
1078,test_1269c,jam
1079,test_1269d,chips
1080,test_1270a,tea
1081,test_1270b,chips
1082,test_1270c,sugar
1083,test_1270d,sugar
1084,test_1271a,chips
1085,test_1271b,chocolate
1086,test_1271c,chips
1087,test_1271d,jam
1088,test_1272a,chips
1089,test_1272b,jam
1090,test_1272c,chips
1091,test_1272d,chips
1092,test_1273a,chips
1093,test_1273b,chips
1094,test_1273c,sugar
1095,test_1273d,chips
1096,test_1274a,nuts
1097,test_1274b,jam
1098,test_1274c,chips
1099,test_1274d,jam
1100,test_1275a,fish
1101,test_1275b,tea
1102,test_1275c,tea
1103,test_1275d,chips
1104,test_1276a,chips
1105,test_1276b,tea
1106,test_1276c,tea
1107,test_1276d,coffee
1108,test_1277a,chips
1109,test_1277b,chips
1110,test_1277c,chocolate
1111,test_1277d,chips
1112,test_1278a,jam
1113,test_1278b,jam
1114,test_1278c,tea
1115,test_1278d,jam
1116,test_1279a,jam
1117,test_1279b,tea
1118,test_1279c,jam
1119,test_1279d,sugar
1120,test_1280a,jam
1121,test_1280b,tea
1122,test_1280c,chocolate
1123,test_1280d,jam
1124,test_1281a,tea
1125,test_1281b,jam
1126,test_1281c,jam
1127,test_1281d,chips
1128,test_1282a,chips
1129,test_1282b,chips
1130,test_1282c,chips
1131,test_1282d,vinegar
1132,test_1283a,chips
1133,test_1283b,chips
1134,test_1283c,chips
1135,test_1283d,coffee
1136,test_1284a,chips
1137,test_1284b,chips
1138,test_1284c,jam
1139,test_1284d,tea
1140,test_1285a,chips
1141,test_1285b,jam
1142,test_1285c,nuts
1143,test_1285d,tea
1144,test_1286a,jam
1145,test_1286b,sugar
1146,test_1286c,jam
1147,test_1286d,jam
1148,test_1287a,tea
1149,test_1287b,chips
1150,test_1287c,chips
1151,test_1287d,chips
1152,test_1288a,chips
1153,test_1288b,jam
1154,test_1288c,chips
1155,test_1288d,chips
1156,test_1289a,jam
1157,test_1289b,nuts
1158,test_1289c,jam
1159,test_1289d,jam
1160,test_1290a,chips
1161,test_1290b,chips
1162,test_1290c,jam
1163,test_1290d,jam
1164,test_1291a,jam
1165,test_1291b,chips
1166,test_1291c,chips
1167,test_1291d,coffee
1168,test_1292a,chips
1169,test_1292b,jam
1170,test_1292c,sugar
1171,test_1292d,chocolate
1172,test_1293a,chips
1173,test_1293b,jam
1174,test_1293c,chips
1175,test_1293d,tea
1176,test_1294a,chips
1177,test_1294b,jam
1178,test_1294c,jam
1179,test_1294d,fish
1180,test_1295a,tea
1181,test_1295b,jam
1182,test_1295c,chips
1183,test_1295d,chips
1184,test_1296a,jam
1185,test_1296b,coffee
1186,test_1296c,jam
1187,test_1296d,jam
1188,test_1297a,chips
1189,test_1297b,sugar
1190,test_1297c,chips
1191,test_1297d,jam
1192,test_1298a,fish
1193,test_1298b,tea
1194,test_1298c,chips
1195,test_1298d,chips
1196,test_1299a,coffee
1197,test_1299b,vinegar
1198,test_1299c,tea
1199,test_1299d,chips
1200,test_1300a,chips
1201,test_1300b,jam
1202,test_1300c,jam
1203,test_1300d,sugar
1204,test_1301a,jam
1205,test_1301b,fish
1206,test_1301c,chips
1207,test_1301d,tea
1208,test_1302a,jam
1209,test_1302b,coffee
1210,test_1302c,sugar
1211,test_1302d,jam
1212,test_1303a,jam
1213,test_1303b,chips
1214,test_1303c,chips
1215,test_1303d,chips
1216,test_1304a,tea
1217,test_1304b,sugar
1218,test_1304c,chips
1219,test_1304d,chips
1220,test_1305a,tea
1221,test_1305b,chips
1222,test_1305c,chips
1223,test_1305d,chips
1224,test_1306a,chips
1225,test_1306b,chips
1226,test_1306c,tea
1227,test_1306d,chips
1228,test_1307a,tea
1229,test_1307b,tea
1230,test_1307c,sugar
1231,test_1307d,nuts
1232,test_1308a,chips
1233,test_1308b,chips
1234,test_1308c,coffee
1235,test_1308d,jam
1236,test_1309a,jam
1237,test_1309b,sugar
1238,test_1309c,jam
1239,test_1309d,chips
1240,test_1310a,chocolate
1241,test_1310b,chips
1242,test_1310c,chips
1243,test_1310d,sugar
1244,test_1311a,jam
1245,test_1311b,coffee
1246,test_1311c,chips
1247,test_1311d,chips
1248,test_1312a,jam
1249,test_1312b,nuts
1250,test_1312c,jam
1251,test_1312d,chips
1252,test_1313a,vinegar
1253,test_1313b,chips
1254,test_1313c,coffee
1255,test_1313d,chips
1256,test_1314a,chips
1257,test_1314b,jam
1258,test_1314c,coffee
1259,test_1314d,chips
1260,test_1315a,coffee
1261,test_1315b,chips
1262,test_1315c,nuts
1263,test_1315d,tea
1264,test_1316a,tea
1265,test_1316b,jam
1266,test_1316c,jam
1267,test_1316d,tea
1268,test_1317a,chips
1269,test_1317b,jam
1270,test_1317c,pasta
1271,test_1317d,vinegar
1272,test_1318a,tea
1273,test_1318b,chips
1274,test_1318c,tea
1275,test_1318d,chips
1276,test_1319a,jam
1277,test_1319b,chips
1278,test_1319c,jam
1279,test_1319d,tea
1280,test_1320a,tea
1281,test_1320b,tea
1282,test_1320c,chips
1283,test_1320d,chips
1284,test_1321a,tea
1285,test_1321b,tea
1286,test_1321c,chips
1287,test_1321d,chips
1288,test_1322a,jam
1289,test_1322b,jam
1290,test_1322c,tea
1291,test_1322d,chips
1292,test_1323a,jam
1293,test_1323b,chips
1294,test_1323c,tea
1295,test_1323d,sugar
1296,test_1324a,coffee
1297,test_1324b,jam
1298,test_1324c,jam
1299,test_1324d,chips
1300,test_1325a,tea
1301,test_1325b,tea
1302,test_1325c,chips
1303,test_1325d,chips
1304,test_1326a,jam
1305,test_1326b,chips
1306,test_1326c,chips
1307,test_1326d,chips
1308,test_1327a,jam
1309,test_1327b,chips
1310,test_1327c,jam
1311,test_1327d,chips
1312,test_1328a,chips
1313,test_1328b,tea
1314,test_1328c,chips
1315,test_1328d,chips
1316,test_1329a,jam
1317,test_1329b,jam
1318,test_1329c,jam
1319,test_1329d,tea
1320,test_1330a,tea
1321,test_1330b,jam
1322,test_1330c,fish
1323,test_1330d,chips
1324,test_1331a,chips
1325,test_1331b,jam
1326,test_1331c,chips
1327,test_1331d,chips
1328,test_1332a,jam
1329,test_1332b,chips
1330,test_1332c,tea
1331,test_1332d,jam
1332,test_1333a,jam
1333,test_1333b,jam
1334,test_1333c,tea
1335,test_1333d,jam
1336,test_1334a,tea
1337,test_1334b,jam
1338,test_1334c,jam
1339,test_1334d,jam
1340,test_1335a,chips
1341,test_1335b,fish
1342,test_1335c,chips
1343,test_1335d,chips
1344,test_1336a,jam
1345,test_1336b,chips
1346,test_1336c,chips
1347,test_1336d,chips
1348,test_1337a,chips
1349,test_1337b,chocolate
1350,test_1337c,jam
1351,test_1337d,chips
1352,test_1338a,vinegar
1353,test_1338b,jam
1354,test_1338c,chips
1355,test_1338d,jam
1356,test_1339a,jam
1357,test_1339b,vinegar
1358,test_1339c,chips
1359,test_1339d,chocolate
1360,test_1340a,sugar
1361,test_1340b,jam
1362,test_1340c,vinegar
1363,test_1340d,tea
1364,test_1341a,chips
1365,test_1341b,tea
1366,test_1341c,tea
1367,test_1341d,jam
1368,test_1342a,jam
1369,test_1342b,tea
1370,test_1342c,tea
1371,test_1342d,chips
1372,test_1343a,chips
1373,test_1343b,chips
1374,test_1343c,tea
1375,test_1343d,chocolate
1376,test_1344a,jam
1377,test_1344b,chips
1378,test_1344c,fish
1379,test_1344d,chips
1380,test_1345a,sugar
1381,test_1345b,tea
1382,test_1345c,chips
1383,test_1345d,chips
1384,test_1346a,chips
1385,test_1346b,chips
1386,test_1346c,chips
1387,test_1346d,jam
1388,test_1347a,tea
1389,test_1347b,chips
1390,test_1347c,tea
1391,test_1347d,jam
1392,test_1348a,chips
1393,test_1348b,fish
1394,test_1348c,chips
1395,test_1348d,sugar
1396,test_1349a,chips
1397,test_1349b,jam
1398,test_1349c,chips
1399,test_1349d,tea
1400,test_1350a,chips
1401,test_1350b,chips
1402,test_1350c,chips
1403,test_1350d,nuts
1404,test_1351a,nuts
1405,test_1351b,jam
1406,test_1351c,chips
1407,test_1351d,nuts
1408,test_1352a,chips
1409,test_1352b,chips
1410,test_1352c,sugar
1411,test_1352d,jam
1412,test_1353a,vinegar
1413,test_1353b,chips
1414,test_1353c,chips
1415,test_1353d,nuts
1416,test_1354a,jam
1417,test_1354b,fish
1418,test_1354c,jam
1419,test_1354d,chips
1420,test_1355a,fish
1421,test_1355b,chips
1422,test_1355c,chips
1423,test_1355d,chips
1424,test_1356a,sugar
1425,test_1356b,chips
1426,test_1356c,chips
1427,test_1356d,jam
1428,test_1357a,jam
1429,test_1357b,chips
1430,test_1357c,chips
1431,test_1357d,chips
1432,test_1358a,tea
1433,test_1358b,chips
1434,test_1358c,jam
1435,test_1358d,sugar
1436,test_1359a,jam
1437,test_1359b,chips
1438,test_1359c,nuts
1439,test_1359d,jam
1440,test_1360a,tea
1441,test_1360b,sugar
1442,test_1360c,tea
1443,test_1360d,jam
1444,test_1361a,jam
1445,test_1361b,chips
1446,test_1361c,jam
1447,test_1361d,jam
1448,test_1362a,jam
1449,test_1362b,chips
1450,test_1362c,coffee
1451,test_1362d,chips
1452,test_1363a,vinegar
1453,test_1363b,jam
1454,test_1363c,jam
1455,test_1363d,chips
1456,test_1364a,nuts
1457,test_1364b,chips
1458,test_1364c,jam
1459,test_1364d,jam
1460,test_1365a,coffee
1461,test_1365b,jam
1462,test_1365c,jam
1463,test_1365d,jam
1464,test_1366a,chips
1465,test_1366b,chips
1466,test_1366c,chips
1467,test_1366d,jam
1468,test_1367a,chips
1469,test_1367b,chips
1470,test_1367c,sugar
1471,test_1367d,chips
1472,test_1368a,chips
1473,test_1368b,jam
1474,test_1368c,jam
1475,test_1368d,tea
1476,test_1369a,chips
1477,test_1369b,jam
1478,test_1369c,tea
1479,test_1369d,coffee
1480,test_1370a,coffee
1481,test_1370b,chips
1482,test_1370c,chips
1483,test_1370d,jam
1484,test_1371a,chips
1485,test_1371b,nuts
1486,test_1371c,coffee
1487,test_1371d,chips
1488,test_1372a,sugar
1489,test_1372b,jam
1490,test_1372c,sugar
1491,test_1372d,fish
1492,test_1373a,sugar
1493,test_1373b,chips
1494,test_1373c,jam
1495,test_1373d,jam
1496,test_1374a,chips
1497,test_1374b,tea
1498,test_1374c,jam
1499,test_1374d,chips
1500,test_1375a,sugar
1501,test_1375b,tea
1502,test_1375c,chips
1503,test_1375d,chips
1504,test_1376a,jam
1505,test_1376b,tea
1506,test_1376c,jam
1507,test_1376d,fish
1508,test_1377a,fish
1509,test_1377b,jam
1510,test_1377c,jam
1511,test_1377d,jam
1512,test_1378a,coffee
1513,test_1378b,jam
1514,test_1378c,coffee
1515,test_1378d,jam
1516,test_1379a,nuts
1517,test_1379b,jam
1518,test_1379c,chips
1519,test_1379d,chips
1520,test_1380a,vinegar
1521,test_1380b,pasta
1522,test_1380c,chips
1523,test_1380d,chips
1524,test_1381a,sugar
1525,test_1381b,chips
1526,test_1381c,tea
1527,test_1381d,tea
1528,test_1382a,sugar
1529,test_1382b,chips
1530,test_1382c,chips
1531,test_1382d,jam
1532,test_1383a,chips
1533,test_1383b,tea
1534,test_1383c,chips
1535,test_1383d,chips
1536,test_1384a,jam
1537,test_1384b,chips
1538,test_1384c,chocolate
1539,test_1384d,jam
1540,test_1385a,jam
1541,test_1385b,jam
1542,test_1385c,jam
1543,test_1385d,tea
1544,test_1386a,coffee
1545,test_1386b,chips
1546,test_1386c,jam
1547,test_1386d,coffee
1548,test_1387a,tea
1549,test_1387b,chips
1550,test_1387c,jam
1551,test_1387d,chips
1552,test_1388a,coffee
1553,test_1388b,chips
1554,test_1388c,coffee
1555,test_1388d,tea
1556,test_1389a,chips
1557,test_1389b,fish
1558,test_1389c,jam
1559,test_1389d,jam
1560,test_1390a,jam
1561,test_1390b,tea
1562,test_1390c,fish
1563,test_1390d,chips
1564,test_1391a,chips
1565,test_1391b,jam
1566,test_1391c,tea
1567,test_1391d,jam
1568,test_1392a,jam
1569,test_1392b,chips
1570,test_1392c,jam
1571,test_1392d,jam
1572,test_1393a,sugar
1573,test_1393b,jam
1574,test_1393c,jam
1575,test_1393d,jam
1576,test_1394a,chips
1577,test_1394b,jam
1578,test_1394c,chocolate
1579,test_1394d,jam
1580,test_1395a,chips
1581,test_1395b,fish
1582,test_1395c,jam
1583,test_1395d,jam
1584,test_1396a,jam
1585,test_1396b,tea
1586,test_1396c,jam
1587,test_1396d,jam
1588,test_1397a,coffee
1589,test_1397b,chips
1590,test_1397c,jam
1591,test_1397d,coffee
1592,test_1398a,chips
1593,test_1398b,jam
1594,test_1398c,fish
1595,test_1398d,jam
1596,test_1399a,jam
1597,test_1399b,chips
1598,test_1399c,chips
1599,test_1399d,tea
1600,test_1400a,jam
1601,test_1400b,jam
1602,test_1400c,jam
1603,test_1400d,jam
1604,test_1401a,chips
1605,test_1401b,jam
1606,test_1401c,jam
1607,test_1401d,coffee
1608,test_1402a,chips
1609,test_1402b,chips
1610,test_1402c,chips
1611,test_1402d,chips
1612,test_1403a,jam
1613,test_1403b,jam
1614,test_1403c,tea
1615,test_1403d,vinegar
1616,test_1404a,chips
1617,test_1404b,vinegar
1618,test_1404c,soda
1619,test_1404d,jam
1620,test_1405a,chips
1621,test_1405b,jam
1622,test_1405c,jam
1623,test_1405d,chips
1624,test_1406a,tea
1625,test_1406b,chips
1626,test_1406c,chips
1627,test_1406d,chips
1628,test_1407a,tea
1629,test_1407b,sugar
1630,test_1407c,tea
1631,test_1407d,jam
1632,test_1408a,chips
1633,test_1408b,chips
1634,test_1408c,jam
1635,test_1408d,coffee
1636,test_1409a,chips
1637,test_1409b,jam
1638,test_1409c,coffee
1639,test_1409d,tea
1640,test_1410a,jam
1641,test_1410b,jam
1642,test_1410c,chips
1643,test_1410d,chips
1644,test_1411a,tea
1645,test_1411b,chips
1646,test_1411c,chips
1647,test_1411d,chips
1648,test_1412a,chocolate
1649,test_1412b,fish
1650,test_1412c,jam
1651,test_1412d,chips
1652,test_1413a,fish
1653,test_1413b,chips
1654,test_1413c,chocolate
1655,test_1413d,tea
1656,test_1414a,tea
1657,test_1414b,chips
1658,test_1414c,chips
1659,test_1414d,chips
1660,test_1415a,chips
1661,test_1415b,jam
1662,test_1415c,chips
1663,test_1415d,chips
1664,test_1416a,jam
1665,test_1416b,chips
1666,test_1416c,chips
1667,test_1416d,jam
1668,test_1417a,tea
1669,test_1417b,fish
1670,test_1417c,sugar
1671,test_1417d,chips
1672,test_1418a,chips
1673,test_1418b,chips
1674,test_1418c,chips
1675,test_1418d,jam
1676,test_1419a,chips
1677,test_1419b,jam
1678,test_1419c,chips
1679,test_1419d,sugar
1680,test_1420a,jam
1681,test_1420b,jam
1682,test_1420c,jam
1683,test_1420d,chips
1684,test_1421a,jam
1685,test_1421b,jam
1686,test_1421c,chips
1687,test_1421d,vinegar
1688,test_1422a,jam
1689,test_1422b,nuts
1690,test_1422c,tea
1691,test_1422d,chips
1692,test_1423a,chips
1693,test_1423b,coffee
1694,test_1423c,jam
1695,test_1423d,chips
1696,test_1424a,jam
1697,test_1424b,chips
1698,test_1424c,chips
1699,test_1424d,jam
1700,test_1425a,jam
1701,test_1425b,chips
1702,test_1425c,tea
1703,test_1425d,tea
1704,test_1426a,chips
1705,test_1426b,chips
1706,test_1426c,jam
1707,test_1426d,coffee
1708,test_1427a,tea
1709,test_1427b,tea
1710,test_1427c,chips
1711,test_1427d,chips
1712,test_1428a,jam
1713,test_1428b,chips
1714,test_1428c,chips
1715,test_1428d,nuts
1716,test_1429a,chips
1717,test_1429b,chips
1718,test_1429c,chips
1719,test_1429d,jam
1720,test_1430a,jam
1721,test_1430b,sugar
1722,test_1430c,vinegar
1723,test_1430d,chips
1724,test_1431a,chips
1725,test_1431b,coffee
1726,test_1431c,chips
1727,test_1431d,soda
1728,test_1432a,chips
1729,test_1432b,sugar
1730,test_1432c,chips
1731,test_1432d,chips
